"","Participant_Public_ID","Participant_Private_ID"
"1","ucjf5it7","6586190"
"2","x15hufum","6582674"
"3","wopxcyrw","6583401"
"4","wyly5896","6584100"
"5","u4ckj0xb","6588751"
"6","rcburgqm","6589320"
"7","p1el4un1","6590094"
"8","7ca8udou","6590644"
"9","fbdvz2jm","6591244"
"10","lcoa0ulz","6591969"
"11","5zqcqbja","6656509"
"12","rjld64yp","6658991"
"13","fnw3740u","6663628"
"14","awnaa38f","6696540"
"15","x9hun3az","6737692"
"16","fhonwjzj","6738991"
"17","nqcfkk0t","6665080"
"18","7end2q7p","6666605"
"19","ekh4e8la","6679087"
"20","mqu3535e","6690153"
"21","trpxfsfj","6695065"
"22","64qj2z1q","6695383"
"23","vtnpc9v0","6695916"
"24","eo7g3bb9","6715514"
"25","eyf8awh6","6716178"
"26","8a4rmozk","6726904"
"27","ske1wdwv","6727373"
"28","wkig7g26","6727740"
"29","x886pg16","6728246"
"30","4swlxwke","6728446"
"31","8fjzf3vt","6852954"
"32","20ncbce2","6855743"
"33","eg36xi0r","6856561"
"34","mx4as100","6857204"
"35","5suttvcr","6612721"
"36","tfbf68k4","6614481"
"37","hs6ft2tt","6619574"
"38","jwit68o8","6620021"
"39","l51yoirf","6620543"
"40","ll7yp6dw","6622528"
"41","1tta9k0e","6633223"
"42","10gyt4yw","6634242"
"43","yuxt0mr0","6701094"
"44","el4g7vqv","6701983"
"45","0latiljl","6702557"
"46","jsk580jc","6851007"
"47","2nov5ul3","6851307"
"48","9gexj2th","6853420"
